<annotation>
	<folder>camera</folder>
	<filename>picture612.png</filename>
	<path>C:\Users\Administrator\FYP\TestEnv\python\camera\picture612.png</path>
	<source>
		<database>Unknown</database>
	</source>
	<size>
		<width>512</width>
		<height>256</height>
		<depth>3</depth>
	</size>
	<segmented>0</segmented>
	<object>
		<name>ball</name>
		<pose>Unspecified</pose>
		<truncated>0</truncated>
		<difficult>0</difficult>
		<bndbox>
			<xmin>361</xmin>
			<ymin>237</ymin>
			<xmax>378</xmax>
			<ymax>253</ymax>
		</bndbox>
	</object>
</annotation>
