<annotation>
	<folder>camera</folder>
	<filename>picture535.png</filename>
	<path>C:\Users\Administrator\FYP\TestEnv\python\camera\picture535.png</path>
	<source>
		<database>Unknown</database>
	</source>
	<size>
		<width>512</width>
		<height>256</height>
		<depth>3</depth>
	</size>
	<segmented>0</segmented>
	<object>
		<name>ball</name>
		<pose>Unspecified</pose>
		<truncated>0</truncated>
		<difficult>0</difficult>
		<bndbox>
			<xmin>146</xmin>
			<ymin>216</ymin>
			<xmax>163</xmax>
			<ymax>231</ymax>
		</bndbox>
	</object>
</annotation>
