<annotation>
	<folder>images</folder>
	<filename>picture403.png</filename>
	<path>C:\Users\Administrator\ECE3091\YOLOV5\yolov5\paper_data\images\picture403.png</path>
	<source>
		<database>Unknown</database>
	</source>
	<size>
		<width>512</width>
		<height>256</height>
		<depth>3</depth>
	</size>
	<segmented>0</segmented>
	<object>
		<name>ball</name>
		<pose>Unspecified</pose>
		<truncated>0</truncated>
		<difficult>0</difficult>
		<bndbox>
			<xmin>247</xmin>
			<ymin>124</ymin>
			<xmax>264</xmax>
			<ymax>142</ymax>
		</bndbox>
	</object>
</annotation>
