<annotation>
	<folder>camera</folder>
	<filename>picture593.png</filename>
	<path>C:\Users\Administrator\FYP\TestEnv\python\camera\picture593.png</path>
	<source>
		<database>Unknown</database>
	</source>
	<size>
		<width>512</width>
		<height>256</height>
		<depth>3</depth>
	</size>
	<segmented>0</segmented>
	<object>
		<name>ball</name>
		<pose>Unspecified</pose>
		<truncated>0</truncated>
		<difficult>0</difficult>
		<bndbox>
			<xmin>101</xmin>
			<ymin>122</ymin>
			<xmax>112</xmax>
			<ymax>133</ymax>
		</bndbox>
	</object>
</annotation>
