<annotation>
	<folder>camera</folder>
	<filename>picture707.png</filename>
	<path>C:\Users\Administrator\FYP\TestEnv\python\camera\picture707.png</path>
	<source>
		<database>Unknown</database>
	</source>
	<size>
		<width>512</width>
		<height>256</height>
		<depth>3</depth>
	</size>
	<segmented>0</segmented>
	<object>
		<name>ball</name>
		<pose>Unspecified</pose>
		<truncated>0</truncated>
		<difficult>0</difficult>
		<bndbox>
			<xmin>263</xmin>
			<ymin>94</ymin>
			<xmax>279</xmax>
			<ymax>111</ymax>
		</bndbox>
	</object>
</annotation>
